<list>
  <IDM id="1" modelIdentifier="IDM1">
    <fullName>Intelligent Driver Model</fullName>
    <tMin>1.1</tMin>
    <sMin>2.0</sMin>
    <delta>4.0</delta>
    <comfortableAcc>0.7</comfortableAcc>
    <safeDec>-2.0</safeDec>
    <maxDec>-7.0</maxDec>
    <vTarget>40.0</vTarget>
    <maxAcc>5.0</maxAcc>
  </IDM>
  <ACC id="2" modelIdentifier="ACC1">
    <fullName>Adaptive Cruise Control (IIDM)</fullName>
    <tMin>1.1</tMin>
    <sMin>2.0</sMin>
    <delta>4.0</delta>
    <comfortableAcc>1.5</comfortableAcc>
    <safeDec>-2.0</safeDec>
    <maxDec>-7.0</maxDec>
    <vTarget>40.0</vTarget>
    <maxAcc>5.0</maxAcc>
    <coolness>0.99</coolness>
  </ACC>
  <MOBIL id="3" modelIdentifier="MOBIL1">
    <fullName>MOBIL (treiber)</fullName>
    <biasRight>0.2</biasRight>
    <maxDec>-7.0</maxDec>
    <politeness>0.99</politeness>
    <safeDec>-2.0</safeDec>
    <sMin>2.0</sMin>
    <threshold>0.1</threshold>
  </MOBIL>
  <MEMORY id="0" modelIdentifier="MEMORY1">
    <fullName>Default memory</fullName>
    <tau>600.0</tau>
    <resignationMaxAlphaT>1.7</resignationMaxAlphaT>
    <resignationMinAlphaV0>1.0</resignationMinAlphaV0>
    <resignationMinAlphaA>1.0</resignationMinAlphaA>
  </MEMORY>
  <CONSUMPTION id="0" modelIdentifier="Diesel_90kw">
    <carData id="0">
      <vehicleMass>1500.0</vehicleMass>
      <crossSectionSurface>2.2</crossSectionSurface>
      <cdValue>0.32</cdValue>
      <electricPower>3000.0</electricPower>
      <consFrictionCoefficient>0.015</consFrictionCoefficient>
      <vFrictionCoefficient>0.0</vFrictionCoefficient>
      <dynamicTyreRadius>0.31</dynamicTyreRadius>
    </carData>
    <engineData id="0">
      <maxPower>90.0</maxPower>
      <cylinderVolume>1.4</cylinderVolume>
      <idleConsumptionRateLiterPerSecond>0.8</idleConsumptionRateLiterPerSecond>
      <minSpecificConsumption>185.0</minSpecificConsumption>
      <effectivePressureMinimum>1.0</effectivePressureMinimum>
      <effectivePressureMaximum>22.0</effectivePressureMaximum>
      <idleRotationRate>900.0</idleRotationRate>
      <maxRotationRate>4500.0</maxRotationRate>
      <gearRatios>13.9,7.8,5.26,3.79,3.09</gearRatios>
    </engineData>
  </CONSUMPTION>
</list>