<list>
	<!-- ################################################## -->
	<ParameterSet id="0" name="reroute disabled" enabled="true">
		<params>
			<!-- mode for rerouting: single, ksp or timedynamic -->
			<property name="rerouting_mode" value="disabled" />

			<!-- routing cost evaluation: greenshield or speed average -->
			<property name="routing_cost_evaluation" value="" />
			<!-- congestion detection: threshold based greenshield or speed_average, or global (congestion everywhere everytime) -->
			<property name="congestion_evaluation" value="" />
			<!-- level: number of segemnts to consider for vehicles if jam is detected. applicable for greenshield and speed average -->
			<property name="congestion_level" value="" />

			<!-- congestion threshold for greenshield (congestion, if value greater than threshold): k_i / k_jam (applied road space 
				/ available road space) -->
			<property name="greenshield_congestion_threshold" value="" />
			<!-- congestion threshold for speed average (congestion, if value lower than threshold): average speed / speed limit -->
			<property name="speed_average_congestion_threshold" value="" />

			<!-- averaging for global and greenshield weighting -->
			<property name="rerouting_averaging_window_size" value="" />
			<!-- the threshold for time difference of old to new route (oldCost/newCost must be greater than this value to assign 
				new route) -->
			<property name="rerouting_threshold_time" value="" />
			<!-- second time threshold which is taken into account when calculating dynamically predicted routes -->
			<property name="rerouting_threshold_time_dynamic" value="" />
			<!-- factor for distance: new route distance must not be longer than ... times the old distance (newKmCost / currentKmCost 
				< distanceThreshold) -->
			<property name="rerouting_threshold_distance" value="" />
			<!-- second distance threshold which is taken when calculating dynamically predicted routes -->
			<property name="rerouting_threshold_distance_dynamic" value="" />
			<!-- parameter for mode of rerouting footprint heuristics (e.g. route_footprint or footprint_prediction) -->
			<property name="rerouting_footprint_heuristics" value="disabled" />
			<!-- log events as usual, but do not perform any rerouting -->
			<property name="rerouting_simulation_only" value="false" />
		</params>
	</ParameterSet>
	<!-- ################################################## -->
	<ParameterSet id="1" name="reroute global" enabled="true">
		<params>
			<!-- mode for rerouting: single, ksp or timedynamic -->
			<property name="rerouting_mode" value="single" />

			<!-- routing cost evaluation: greenshield or speed average -->
			<property name="routing_cost_evaluation" value="speed_average" />
			<!-- congestion detection: threshold based greenshield or speed_average, or global (congestion everywhere everytime) -->
			<property name="congestion_evaluation" value="speed_average" />
			<!-- level: number of segemnts to consider for vehicles if jam is detected. applicable for greenshield and speed average -->
			<property name="congestion_level" value="5" />

			<!-- congestion threshold for greenshield (congestion, if value greater than threshold): k_i / k_jam (applied road space 
				/ available road space) -->
			<property name="greenshield_congestion_threshold" value="0.7" />
			<!-- congestion threshold for speed average (congestion, if value lower than threshold): average speed / speed limit -->
			<property name="speed_average_congestion_threshold" value="0.1" />

			<!-- averaging for global and greenshield weighting -->
			<property name="rerouting_averaging_window_size" value="10" />
			<!-- the threshold for time difference of old to new route (oldCost/newCost must be greater than this value to assign 
				new route) -->
			<property name="rerouting_threshold_time" value="1.1" />
			<!-- second time threshold which is taken into account when calculating dynamically predicted routes -->
			<property name="rerouting_threshold_time_dynamic" value="0.2" />
			<!-- factor for distance: new route distance must not be longer than ... times the old distance (newKmCost / currentKmCost 
				< distanceThreshold) -->
			<property name="rerouting_threshold_distance" value="2" />
			<!-- second distance threshold which is taken when calculating dynamically predicted routes -->
			<property name="rerouting_threshold_distance_dynamic" value="3" />
			<!-- parameter for mode of rerouting footprint heuristics (e.g. route_footprint or footprint_prediction) -->
			<property name="rerouting_footprint_heuristics" value="disabled" />
			<!-- log events as usual, but do not perform any rerouting -->
			<property name="rerouting_simulation_only" value="false" />
		</params>
	</ParameterSet>
	<!-- ################################################## -->
	<ParameterSet id="2" name="reroute ksp global" enabled="true">
		<params>
			<!-- mode for rerouting: single, ksp or timedynamic -->
			<property name="rerouting_mode" value="ksp" />

			<!-- routing cost evaluation: greenshield or speed average -->
			<property name="routing_cost_evaluation" value="speed_average" />
			<!-- congestion detection: threshold based greenshield or speed_average, or global (congestion everywhere everytime) -->
			<property name="congestion_evaluation" value="speed_average" />
			<!-- level: number of segemnts to consider for vehicles if jam is detected. applicable for greenshield and speed average -->
			<property name="congestion_level" value="5" />

			<!-- congestion threshold for greenshield (congestion, if value greater than threshold): k_i / k_jam (applied road space 
				/ available road space) -->
			<property name="greenshield_congestion_threshold" value="0.7" />
			<!-- congestion threshold for speed average (congestion, if value lower than threshold): average speed / speed limit -->
			<property name="speed_average_congestion_threshold" value="0.1" />

			<!-- averaging for global and greenshield weighting -->
			<property name="rerouting_averaging_window_size" value="10" />
			<!-- the threshold for time difference of old to new route (oldCost/newCost must be greater than this value to assign 
				new route) -->
			<property name="rerouting_threshold_time" value="1.1" />
			<!-- second time threshold which is taken into account when calculating dynamically predicted routes -->
			<property name="rerouting_threshold_time_dynamic" value="0.2" />
			<!-- factor for distance: new route distance must not be longer than ... times the old distance (newKmCost / currentKmCost 
				< distanceThreshold) -->
			<property name="rerouting_threshold_distance" value="2" />
			<!-- second distance threshold which is taken when calculating dynamically predicted routes -->
			<property name="rerouting_threshold_distance_dynamic" value="3" />
			<!-- parameter for mode of rerouting footprint heuristics (e.g. route_footprint or footprint_prediction) -->
			<property name="rerouting_footprint_heuristics" value="footprint_prediction" />
			<property name="rerouting_footprint_heuristics_weight" value="5" />
			<!-- log events as usual, but do not perform any rerouting -->
			<property name="rerouting_simulation_only" value="false" />
		</params>
	</ParameterSet>
	<!-- ################################################## -->
	<ParameterSet id="3" name="reroute greenshield" enabled="true">
		<params>

			<!-- mode for rerouting: single, ksp or timedynamic -->
			<property name="rerouting_mode" value="single" />

			<!-- routing cost evaluation: greenshield or speed average -->
			<property name="routing_cost_evaluation" value="greenshield" />
			<!-- congestion detection: threshold based greenshield or speed_average, or global (congestion everywhere everytime) -->
			<property name="congestion_evaluation" value="greenshield" />
			<!-- level: number of segemnts to consider for vehicles if jam is detected. applicable for greenshield and speed average -->
			<property name="congestion_level" value="5" />

			<!-- congestion threshold for greenshield (congestion, if value greater than threshold): k_i / k_jam (applied road space 
				/ available road space) -->
			<property name="greenshield_congestion_threshold" value="0.7" />
			<!-- congestion threshold for speed average (congestion, if value lower than threshold): average speed / speed limit -->
			<property name="speed_average_congestion_threshold" value="0.1" />

			<!-- averaging for global and greenshield weighting -->
			<property name="rerouting_averaging_window_size" value="10" />
			<!-- the threshold for time difference of old to new route (oldCost/newCost must be greater than this value to assign 
				new route) -->
			<property name="rerouting_threshold_time" value="1.1" />
			<!-- second time threshold which is taken into account when calculating dynamically predicted routes -->
			<property name="rerouting_threshold_time_dynamic" value="0.2" />
			<!-- factor for distance: new route distance must not be longer than ... times the old distance (newKmCost / currentKmCost 
				< distanceThreshold) -->
			<property name="rerouting_threshold_distance" value="2" />
			<!-- second distance threshold which is taken when calculating dynamically predicted routes -->
			<property name="rerouting_threshold_distance_dynamic" value="3" />
			<!-- parameter for mode of rerouting footprint heuristics (e.g. route_footprint or footprint_prediction) -->
			<property name="rerouting_footprint_heuristics" value="footprint_prediction" />
			<!-- parameter for route_footprint mode only: the weight of the heuristics cost -->
			<property name="rerouting_footprint_heuristics_weight" value="5" />

			<!-- applicable only if rerouting mode timedynamic -->
			<property name="footprint_prediction_time_resolution" value="5000" />
			<property name="footprint_prediction_max_forecast" value="2400000" />
			<property name="time_dynamic_congestion_extension" value="enabled" />
			<!-- threshold for vehicles per second when selecting time dynamic footprint -->
			<property name="congestion_threshold_vehicles_per_second" value="2" />
			<!-- log events as usual, but do not perform any rerouting -->
			<property name="rerouting_simulation_only" value="false" />

		</params>
	</ParameterSet>
	<!-- ################################################## -->
	<ParameterSet id="4" name="reroute ksp greenshield" enabled="true">
		<params>
			<!-- mode for rerouting: single, ksp or timedynamic -->
			<property name="rerouting_mode" value="ksp" />

			<!-- routing cost evaluation: greenshield or speed average -->
			<property name="routing_cost_evaluation" value="greenshield" />
			<!-- congestion detection: threshold based greenshield or speed_average, or global (congestion everywhere everytime) -->
			<property name="congestion_evaluation" value="greenshield" />
			<!-- level: number of segemnts to consider for vehicles if jam is detected. applicable for greenshield and speed average -->
			<property name="congestion_level" value="5" />

			<!-- congestion threshold for greenshield (congestion, if value greater than threshold): k_i / k_jam (applied road space 
				/ available road space) -->
			<property name="greenshield_congestion_threshold" value="0.7" />
			<!-- congestion threshold for speed average (congestion, if value lower than threshold): average speed / speed limit -->
			<property name="speed_average_congestion_threshold" value="0.1" />

			<!-- averaging for global and greenshield weighting -->
			<property name="rerouting_averaging_window_size" value="10" />
			<!-- the threshold for time difference of old to new route (oldCost/newCost must be greater than this value to assign 
				new route) -->
			<property name="rerouting_threshold_time" value="1.1" />
			<!-- second time threshold which is taken into account when calculating dynamically predicted routes -->
			<property name="rerouting_threshold_time_dynamic" value="0.2" />
			<!-- factor for distance: new route distance must not be longer than ... times the old distance (newKmCost / currentKmCost 
				< distanceThreshold) -->
			<property name="rerouting_threshold_distance" value="2" />
			<!-- second distance threshold which is taken when calculating dynamically predicted routes -->
			<property name="rerouting_threshold_distance_dynamic" value="3" />
			<!-- parameter for mode of rerouting footprint heuristics (e.g. route_footprint or footprint_prediction) -->
			<property name="rerouting_footprint_heuristics" value="footprint_prediction" />
			<property name="rerouting_footprint_heuristics_weight" value="5" />
			<!-- log events as usual, but do not perform any rerouting -->
			<property name="rerouting_simulation_only" value="false" />
		</params>
	</ParameterSet>
	<!-- ################################################## -->
	<ParameterSet id="900" name="reroute prediction 1.2" enabled="true">
		<params>
			<!-- mode for rerouting: single, ksp or timedynamic -->
			<property name="rerouting_mode" value="timedynamic" />

			<!-- routing cost evaluation: greenshield or speed average -->
			<property name="routing_cost_evaluation" value="speed_average" />
			<!-- congestion detection: threshold based greenshield or speed_average, or global (congestion everywhere everytime) -->
			<property name="congestion_evaluation" value="global" />
			<!-- level: number of segemnts to consider for vehicles if jam is detected. applicable for greenshield and speed average -->
			<property name="congestion_level" value="5" />

			<!-- congestion threshold for greenshield (congestion, if value greater than threshold): k_i / k_jam (applied road space 
				/ available road space) -->
			<property name="greenshield_congestion_threshold" value="0.7" />
			<!-- congestion threshold for speed average (congestion, if value lower than threshold): average speed / speed limit -->
			<property name="speed_average_congestion_threshold" value="0.1" />

			<!-- averaging for global and greenshield weighting -->
			<property name="rerouting_averaging_window_size" value="10" />
			<!-- the threshold for time difference of old to new route (oldCost/newCost must be greater than this value to assign 
				new route) -->
			<property name="rerouting_threshold_time" value="1.1" />
			<!-- second time threshold which is taken into account when calculating dynamically predicted routes -->
			<property name="rerouting_threshold_time_dynamic" value="0.2" />
			<!-- factor for distance: new route distance must not be longer than ... times the old distance (newKmCost / currentKmCost 
				< distanceThreshold) -->
			<property name="rerouting_threshold_distance" value="2" />
			<!-- second distance threshold which is taken when calculating dynamically predicted routes -->
			<property name="rerouting_threshold_distance_dynamic" value="3" />
			<!-- parameter for mode of rerouting footprint heuristics (e.g. route_footprint or footprint_prediction) -->
			<property name="rerouting_footprint_heuristics" value="footprint_prediction" />
			<!-- parameter for route_footprint mode only: the weight of the heuristics cost -->
			<property name="rerouting_footprint_heuristics_weight" value="5" />

			<!-- applicable only if rerouting mode timedynamic -->
			<property name="footprint_prediction_time_resolution" value="5000" />
			<property name="footprint_prediction_max_forecast" value="2400000" />
			<property name="time_dynamic_congestion_extension" value="enabled" />
			<!-- threshold for vehicles per second when selecting time dynamic footprint -->
			<property name="congestion_threshold_vehicles_per_second" value="1.2" />
			<!-- log events as usual, but do not perform any rerouting -->
			<property name="rerouting_simulation_only" value="false" />

		</params>
	</ParameterSet>
	<!-- ################################################## -->
	<ParameterSet id="901" name="reroute prediction 1.6" enabled="true">
		<params>
			<!-- mode for rerouting: single, ksp or timedynamic -->
			<property name="rerouting_mode" value="timedynamic" />

			<!-- routing cost evaluation: greenshield or speed average -->
			<property name="routing_cost_evaluation" value="speed_average" />
			<!-- congestion detection: threshold based greenshield or speed_average, or global (congestion everywhere everytime) -->
			<property name="congestion_evaluation" value="global" />
			<!-- level: number of segemnts to consider for vehicles if jam is detected. applicable for greenshield and speed average -->
			<property name="congestion_level" value="5" />

			<!-- congestion threshold for greenshield (congestion, if value greater than threshold): k_i / k_jam (applied road space 
				/ available road space) -->
			<property name="greenshield_congestion_threshold" value="0.7" />
			<!-- congestion threshold for speed average (congestion, if value lower than threshold): average speed / speed limit -->
			<property name="speed_average_congestion_threshold" value="0.1" />

			<!-- averaging for global and greenshield weighting -->
			<property name="rerouting_averaging_window_size" value="10" />
			<!-- the threshold for time difference of old to new route (oldCost/newCost must be greater than this value to assign 
				new route) -->
			<property name="rerouting_threshold_time" value="1.1" />
			<!-- second time threshold which is taken into account when calculating dynamically predicted routes -->
			<property name="rerouting_threshold_time_dynamic" value="0.2" />
			<!-- factor for distance: new route distance must not be longer than ... times the old distance (newKmCost / currentKmCost 
				< distanceThreshold) -->
			<property name="rerouting_threshold_distance" value="2" />
			<!-- second distance threshold which is taken when calculating dynamically predicted routes -->
			<property name="rerouting_threshold_distance_dynamic" value="3" />
			<!-- parameter for mode of rerouting footprint heuristics (e.g. route_footprint or footprint_prediction) -->
			<property name="rerouting_footprint_heuristics" value="footprint_prediction" />
			<!-- parameter for route_footprint mode only: the weight of the heuristics cost -->
			<property name="rerouting_footprint_heuristics_weight" value="5" />

			<!-- applicable only if rerouting mode timedynamic -->
			<property name="footprint_prediction_time_resolution" value="5000" />
			<property name="footprint_prediction_max_forecast" value="2400000" />
			<property name="time_dynamic_congestion_extension" value="enabled" />
			<!-- threshold for vehicles per second when selecting time dynamic footprint -->
			<property name="congestion_threshold_vehicles_per_second" value="1.6" />
			<!-- log events as usual, but do not perform any rerouting -->
			<property name="rerouting_simulation_only" value="false" />
		</params>
	</ParameterSet>
	<!-- ################################################## -->
	<ParameterSet id="902" name="reroute prediction 2.0" enabled="true">
		<params>
			<!-- mode for rerouting: single, ksp or timedynamic -->
			<property name="rerouting_mode" value="timedynamic" />

			<!-- routing cost evaluation: greenshield or speed average -->
			<property name="routing_cost_evaluation" value="speed_average" />
			<!-- congestion detection: threshold based greenshield or speed_average, or global (congestion everywhere everytime) -->
			<property name="congestion_evaluation" value="global" />
			<!-- level: number of segemnts to consider for vehicles if jam is detected. applicable for greenshield and speed average -->
			<property name="congestion_level" value="5" />

			<!-- congestion threshold for greenshield (congestion, if value greater than threshold): k_i / k_jam (applied road space 
				/ available road space) -->
			<property name="greenshield_congestion_threshold" value="0.7" />
			<!-- congestion threshold for speed average (congestion, if value lower than threshold): average speed / speed limit -->
			<property name="speed_average_congestion_threshold" value="0.1" />

			<!-- averaging for global and greenshield weighting -->
			<property name="rerouting_averaging_window_size" value="10" />
			<!-- the threshold for time difference of old to new route (oldCost/newCost must be greater than this value to assign 
				new route) -->
			<property name="rerouting_threshold_time" value="1.1" />
			<!-- second time threshold which is taken into account when calculating dynamically predicted routes -->
			<property name="rerouting_threshold_time_dynamic" value="0.2" />
			<!-- factor for distance: new route distance must not be longer than ... times the old distance (newKmCost / currentKmCost 
				< distanceThreshold) -->
			<property name="rerouting_threshold_distance" value="2" />
			<!-- second distance threshold which is taken when calculating dynamically predicted routes -->
			<property name="rerouting_threshold_distance_dynamic" value="3" />
			<!-- parameter for mode of rerouting footprint heuristics (e.g. route_footprint or footprint_prediction) -->
			<property name="rerouting_footprint_heuristics" value="footprint_prediction" />
			<!-- parameter for route_footprint mode only: the weight of the heuristics cost -->
			<property name="rerouting_footprint_heuristics_weight" value="5" />

			<!-- applicable only if rerouting mode timedynamic -->
			<property name="footprint_prediction_time_resolution" value="5000" />
			<property name="footprint_prediction_max_forecast" value="2400000" />
			<property name="time_dynamic_congestion_extension" value="enabled" />
			<!-- threshold for vehicles per second when selecting time dynamic footprint -->
			<property name="congestion_threshold_vehicles_per_second" value="2.0" />
			<!-- log events as usual, but do not perform any rerouting -->
			<property name="rerouting_simulation_only" value="false" />
		</params>
	</ParameterSet>
	<!-- ################################################## -->
	<ParameterSet id="903" name="reroute prediction greenshield extension 1.4" enabled="true">
		<params>
			<!-- mode for rerouting: single, ksp or timedynamic -->
			<property name="rerouting_mode" value="timedynamic" />

			<!-- routing cost evaluation: greenshield or speed average -->
			<property name="routing_cost_evaluation" value="greenshield" />
			<!-- congestion detection: threshold based greenshield or speed_average, or global (congestion everywhere everytime) -->
			<property name="congestion_evaluation" value="greenshield" />
			<!-- level: number of segemnts to consider for vehicles if jam is detected. applicable for greenshield and speed average -->
			<property name="congestion_level" value="5" />

			<!-- congestion threshold for greenshield (congestion, if value greater than threshold): k_i / k_jam (applied road space 
				/ available road space) -->
			<property name="greenshield_congestion_threshold" value="0.7" />
			<!-- congestion threshold for speed average (congestion, if value lower than threshold): average speed / speed limit -->
			<property name="speed_average_congestion_threshold" value="0.1" />

			<!-- averaging for global and greenshield weighting -->
			<property name="rerouting_averaging_window_size" value="10" />
			<!-- the threshold for time difference of old to new route (oldCost/newCost must be greater than this value to assign 
				new route) -->
			<property name="rerouting_threshold_time" value="1.1" />
			<!-- second time threshold which is taken into account when calculating dynamically predicted routes -->
			<property name="rerouting_threshold_time_dynamic" value="0.2" />
			<!-- factor for distance: new route distance must not be longer than ... times the old distance (newKmCost / currentKmCost 
				< distanceThreshold) -->
			<property name="rerouting_threshold_distance" value="2" />
			<!-- second distance threshold which is taken when calculating dynamically predicted routes -->
			<property name="rerouting_threshold_distance_dynamic" value="3" />
			<!-- parameter for mode of rerouting footprint heuristics (e.g. route_footprint or footprint_prediction) -->
			<property name="rerouting_footprint_heuristics" value="footprint_prediction" />
			<!-- parameter for route_footprint mode only: the weight of the heuristics cost -->
			<property name="rerouting_footprint_heuristics_weight" value="5" />

			<!-- applicable only if rerouting mode timedynamic -->
			<property name="footprint_prediction_time_resolution" value="5000" />
			<property name="footprint_prediction_max_forecast" value="2400000" />
			<property name="time_dynamic_congestion_extension" value="enabled" />
			<!-- threshold for vehicles per second when selecting time dynamic footprint -->
			<property name="congestion_threshold_vehicles_per_second" value="1.4" />
			<!-- log events as usual, but do not perform any rerouting -->
			<property name="rerouting_simulation_only" value="false" />
		</params>
	</ParameterSet>
	<!-- ################################################## -->
	<ParameterSet id="904" name="reroute prediction greenshield extension 1.7" enabled="true">
		<params>
			<!-- mode for rerouting: single, ksp or timedynamic -->
			<property name="rerouting_mode" value="timedynamic" />

			<!-- routing cost evaluation: greenshield or speed average -->
			<property name="routing_cost_evaluation" value="greenshield" />
			<!-- congestion detection: threshold based greenshield or speed_average, or global (congestion everywhere everytime) -->
			<property name="congestion_evaluation" value="greenshield" />
			<!-- level: number of segemnts to consider for vehicles if jam is detected. applicable for greenshield and speed average -->
			<property name="congestion_level" value="5" />

			<!-- congestion threshold for greenshield (congestion, if value greater than threshold): k_i / k_jam (applied road space 
				/ available road space) -->
			<property name="greenshield_congestion_threshold" value="0.7" />
			<!-- congestion threshold for speed average (congestion, if value lower than threshold): average speed / speed limit -->
			<property name="speed_average_congestion_threshold" value="0.1" />

			<!-- averaging for global and greenshield weighting -->
			<property name="rerouting_averaging_window_size" value="10" />
			<!-- the threshold for time difference of old to new route (oldCost/newCost must be greater than this value to assign 
				new route) -->
			<property name="rerouting_threshold_time" value="1.1" />
			<!-- second time threshold which is taken into account when calculating dynamically predicted routes -->
			<property name="rerouting_threshold_time_dynamic" value="0.2" />
			<!-- factor for distance: new route distance must not be longer than ... times the old distance (newKmCost / currentKmCost 
				< distanceThreshold) -->
			<property name="rerouting_threshold_distance" value="2" />
			<!-- second distance threshold which is taken when calculating dynamically predicted routes -->
			<property name="rerouting_threshold_distance_dynamic" value="3" />
			<!-- parameter for mode of rerouting footprint heuristics (e.g. route_footprint or footprint_prediction) -->
			<property name="rerouting_footprint_heuristics" value="footprint_prediction" />
			<!-- parameter for route_footprint mode only: the weight of the heuristics cost -->
			<property name="rerouting_footprint_heuristics_weight" value="5" />

			<!-- applicable only if rerouting mode timedynamic -->
			<property name="footprint_prediction_time_resolution" value="5000" />
			<property name="footprint_prediction_max_forecast" value="2400000" />
			<property name="time_dynamic_congestion_extension" value="enabled" />
			<!-- threshold for vehicles per second when selecting time dynamic footprint -->
			<property name="congestion_threshold_vehicles_per_second" value="1.7" />
			<!-- log events as usual, but do not perform any rerouting -->
			<property name="rerouting_simulation_only" value="false" />
		</params>
	</ParameterSet>
	<!-- ################################################## -->
	<ParameterSet id="905" name="reroute prediction greenshield extension 2.0" enabled="true">
		<params>
			<!-- mode for rerouting: single, ksp or timedynamic -->
			<property name="rerouting_mode" value="timedynamic" />

			<!-- routing cost evaluation: greenshield or speed average -->
			<property name="routing_cost_evaluation" value="greenshield" />
			<!-- congestion detection: threshold based greenshield or speed_average, or global (congestion everywhere everytime) -->
			<property name="congestion_evaluation" value="greenshield" />
			<!-- level: number of segemnts to consider for vehicles if jam is detected. applicable for greenshield and speed average -->
			<property name="congestion_level" value="5" />

			<!-- congestion threshold for greenshield (congestion, if value greater than threshold): k_i / k_jam (applied road space 
				/ available road space) -->
			<property name="greenshield_congestion_threshold" value="0.7" />
			<!-- congestion threshold for speed average (congestion, if value lower than threshold): average speed / speed limit -->
			<property name="speed_average_congestion_threshold" value="0.1" />

			<!-- averaging for global and greenshield weighting -->
			<property name="rerouting_averaging_window_size" value="10" />
			<!-- the threshold for time difference of old to new route (oldCost/newCost must be greater than this value to assign 
				new route) -->
			<property name="rerouting_threshold_time" value="1.1" />
			<!-- second time threshold which is taken into account when calculating dynamically predicted routes -->
			<property name="rerouting_threshold_time_dynamic" value="0.2" />
			<!-- factor for distance: new route distance must not be longer than ... times the old distance (newKmCost / currentKmCost 
				< distanceThreshold) -->
			<property name="rerouting_threshold_distance" value="2" />
			<!-- second distance threshold which is taken when calculating dynamically predicted routes -->
			<property name="rerouting_threshold_distance_dynamic" value="3" />
			<!-- parameter for mode of rerouting footprint heuristics (e.g. route_footprint or footprint_prediction) -->
			<property name="rerouting_footprint_heuristics" value="footprint_prediction" />
			<!-- parameter for route_footprint mode only: the weight of the heuristics cost -->
			<property name="rerouting_footprint_heuristics_weight" value="5" />

			<!-- applicable only if rerouting mode timedynamic -->
			<property name="footprint_prediction_time_resolution" value="5000" />
			<property name="footprint_prediction_max_forecast" value="2400000" />
			<property name="time_dynamic_congestion_extension" value="enabled" />
			<!-- threshold for vehicles per second when selecting time dynamic footprint -->
			<property name="congestion_threshold_vehicles_per_second" value="2.0" />
			<!-- log events as usual, but do not perform any rerouting -->
			<property name="rerouting_simulation_only" value="false" />
		</params>
	</ParameterSet>
	<!-- ################################################## -->
	<ParameterSet id="910" name="reroute prediction speed_average extension 1.4" enabled="true">
		<params>
			<!-- mode for rerouting: single, ksp or timedynamic -->
			<property name="rerouting_mode" value="timedynamic" />

			<!-- routing cost evaluation: greenshield or speed average -->
			<property name="routing_cost_evaluation" value="speed_average" />
			<!-- congestion detection: threshold based greenshield or speed_average, or global (congestion everywhere everytime) -->
			<property name="congestion_evaluation" value="speed_average" />
			<!-- level: number of segemnts to consider for vehicles if jam is detected. applicable for greenshield and speed average -->
			<property name="congestion_level" value="5" />

			<!-- congestion threshold for greenshield (congestion, if value greater than threshold): k_i / k_jam (applied road space 
				/ available road space) -->
			<property name="greenshield_congestion_threshold" value="0.7" />
			<!-- congestion threshold for speed average (congestion, if value lower than threshold): average speed / speed limit -->
			<property name="speed_average_congestion_threshold" value="0.1" />

			<!-- averaging for global and greenshield weighting -->
			<property name="rerouting_averaging_window_size" value="10" />
			<!-- the threshold for time difference of old to new route (oldCost/newCost must be greater than this value to assign 
				new route) -->
			<property name="rerouting_threshold_time" value="1.1" />
			<!-- second time threshold which is taken into account when calculating dynamically predicted routes -->
			<property name="rerouting_threshold_time_dynamic" value="0.2" />
			<!-- factor for distance: new route distance must not be longer than ... times the old distance (newKmCost / currentKmCost 
				< distanceThreshold) -->
			<property name="rerouting_threshold_distance" value="2" />
			<!-- second distance threshold which is taken when calculating dynamically predicted routes -->
			<property name="rerouting_threshold_distance_dynamic" value="3" />
			<!-- parameter for mode of rerouting footprint heuristics (e.g. route_footprint or footprint_prediction) -->
			<property name="rerouting_footprint_heuristics" value="footprint_prediction" />
			<!-- parameter for route_footprint mode only: the weight of the heuristics cost -->
			<property name="rerouting_footprint_heuristics_weight" value="5" />

			<!-- applicable only if rerouting mode timedynamic -->
			<property name="footprint_prediction_time_resolution" value="5000" />
			<property name="footprint_prediction_max_forecast" value="2400000" />
			<property name="time_dynamic_congestion_extension" value="enabled" />
			<!-- threshold for vehicles per second when selecting time dynamic footprint -->
			<property name="congestion_threshold_vehicles_per_second" value="1.4" />
			<!-- log events as usual, but do not perform any rerouting -->
			<property name="rerouting_simulation_only" value="false" />
		</params>
	</ParameterSet>
	<!-- ################################################## -->
	<ParameterSet id="911" name="reroute prediction speed average extension 1.7" enabled="true">
		<params>
			<!-- mode for rerouting: single, ksp or timedynamic -->
			<property name="rerouting_mode" value="timedynamic" />

			<!-- routing cost evaluation: greenshield or speed average -->
			<property name="routing_cost_evaluation" value="speed_average" />
			<!-- congestion detection: threshold based greenshield or speed_average, or global (congestion everywhere everytime) -->
			<property name="congestion_evaluation" value="speed_average" />
			<!-- level: number of segemnts to consider for vehicles if jam is detected. applicable for greenshield and speed average -->
			<property name="congestion_level" value="5" />

			<!-- congestion threshold for greenshield (congestion, if value greater than threshold): k_i / k_jam (applied road space 
				/ available road space) -->
			<property name="greenshield_congestion_threshold" value="0.7" />
			<!-- congestion threshold for speed average (congestion, if value lower than threshold): average speed / speed limit -->
			<property name="speed_average_congestion_threshold" value="0.1" />

			<!-- averaging for global and greenshield weighting -->
			<property name="rerouting_averaging_window_size" value="10" />
			<!-- the threshold for time difference of old to new route (oldCost/newCost must be greater than this value to assign 
				new route) -->
			<property name="rerouting_threshold_time" value="1.1" />
			<!-- second time threshold which is taken into account when calculating dynamically predicted routes -->
			<property name="rerouting_threshold_time_dynamic" value="0.2" />
			<!-- factor for distance: new route distance must not be longer than ... times the old distance (newKmCost / currentKmCost 
				< distanceThreshold) -->
			<property name="rerouting_threshold_distance" value="2" />
			<!-- second distance threshold which is taken when calculating dynamically predicted routes -->
			<property name="rerouting_threshold_distance_dynamic" value="3" />
			<!-- parameter for mode of rerouting footprint heuristics (e.g. route_footprint or footprint_prediction) -->
			<property name="rerouting_footprint_heuristics" value="footprint_prediction" />
			<!-- parameter for route_footprint mode only: the weight of the heuristics cost -->
			<property name="rerouting_footprint_heuristics_weight" value="5" />

			<!-- applicable only if rerouting mode timedynamic -->
			<property name="footprint_prediction_time_resolution" value="5000" />
			<property name="footprint_prediction_max_forecast" value="2400000" />
			<property name="time_dynamic_congestion_extension" value="enabled" />
			<!-- threshold for vehicles per second when selecting time dynamic footprint -->
			<property name="congestion_threshold_vehicles_per_second" value="1.7" />
			<!-- log events as usual, but do not perform any rerouting -->
			<property name="rerouting_simulation_only" value="false" />
		</params>
	</ParameterSet>
	<!-- ################################################## -->
	<ParameterSet id="912" name="reroute prediction global extension 2.0" enabled="true">
		<params>
			<!-- mode for rerouting: single, ksp or timedynamic -->
			<property name="rerouting_mode" value="timedynamic" />

			<!-- routing cost evaluation: greenshield or speed average -->
			<property name="routing_cost_evaluation" value="speed_average" />
			<!-- congestion detection: threshold based greenshield or speed_average, or global (congestion everywhere everytime) -->
			<property name="congestion_evaluation" value="speed_average" />
			<!-- level: number of segemnts to consider for vehicles if jam is detected. applicable for greenshield and speed average -->
			<property name="congestion_level" value="5" />

			<!-- congestion threshold for greenshield (congestion, if value greater than threshold): k_i / k_jam (applied road space 
				/ available road space) -->
			<property name="greenshield_congestion_threshold" value="0.7" />
			<!-- congestion threshold for speed average (congestion, if value lower than threshold): average speed / speed limit -->
			<property name="speed_average_congestion_threshold" value="0.1" />

			<!-- averaging for global and greenshield weighting -->
			<property name="rerouting_averaging_window_size" value="10" />
			<!-- the threshold for time difference of old to new route (oldCost/newCost must be greater than this value to assign 
				new route) -->
			<property name="rerouting_threshold_time" value="1.1" />
			<!-- second time threshold which is taken into account when calculating dynamically predicted routes -->
			<property name="rerouting_threshold_time_dynamic" value="0.2" />
			<!-- factor for distance: new route distance must not be longer than ... times the old distance (newKmCost / currentKmCost 
				< distanceThreshold) -->
			<property name="rerouting_threshold_distance" value="2" />
			<!-- second distance threshold which is taken when calculating dynamically predicted routes -->
			<property name="rerouting_threshold_distance_dynamic" value="3" />
			<!-- parameter for mode of rerouting footprint heuristics (e.g. route_footprint or footprint_prediction) -->
			<property name="rerouting_footprint_heuristics" value="footprint_prediction" />
			<!-- parameter for route_footprint mode only: the weight of the heuristics cost -->
			<property name="rerouting_footprint_heuristics_weight" value="5" />

			<!-- applicable only if rerouting mode timedynamic -->
			<property name="footprint_prediction_time_resolution" value="5000" />
			<property name="footprint_prediction_max_forecast" value="2400000" />
			<property name="time_dynamic_congestion_extension" value="enabled" />
			<!-- threshold for vehicles per second when selecting time dynamic footprint -->
			<property name="congestion_threshold_vehicles_per_second" value="2.0" />
			<!-- log events as usual, but do not perform any rerouting -->
			<property name="rerouting_simulation_only" value="false" />
		</params>
	</ParameterSet>
	<!-- ################################################## -->

</list>